{
  "id": "movecrm-local-env",
  "name": "MoveCRM Local Development",
  "values": [
    {
      "key": "base_url",
      "value": "http://localhost:5000",
      "type": "default",
      "enabled": true
    },
    {
      "key": "yoloe_url",
      "value": "http://localhost:8001",
      "type": "default",
      "enabled": true
    },
    {
      "key": "tenant_slug",
      "value": "demo",
      "type": "default",
      "enabled": true
    },
    {
      "key": "access_token",
      "value": "",
      "type": "secret",
      "enabled": true
    },
    {
      "key": "admin_email",
      "value": "admin@demo.com",
      "type": "default",
      "enabled": true
    },
    {
      "key": "admin_password",
      "value": "password123",
      "type": "secret",
      "enabled": true
    }
  ],
  "_postman_variable_scope": "environment"
}

